All Workload Summary,,,,,,,,,,,Total checkmarks,70
,,,,,,,,,,,Checked,0
Feature / UI Screen,Figma section,Mobile,Desktop,Priority,Notes,Backend Difficulty,UI Done,Unit Taker,Done,,Unchecked,70
Authentication & Roles (Better Auth),25 screens,25/25,22/25,P2,,1,Nam,Taj,FALSE,,,
Forgot password,Auth (Light) Thai,Done,Done,,,,,,FALSE,,,
Login,Auth (Light) Thai,Done,Done,,,,,,FALSE,,,
Login - Account locked,Auth (Light) Thai,Done,Done,,,,,,FALSE,,,
Login - Wrong password,Auth (Light) Thai,Done,Done,,,,,,FALSE,,,
PDPA consent,Auth (Light) Thai,Done,Done,,,,,,FALSE,,,
Register,Auth (Light) Thai,Done,Done,,,,,,FALSE,,,
Register - Email in use,Auth (Light) Thai,Done,Done,,,,,,FALSE,,,
Register - Validation errors,Auth (Light) Thai,Done,Done,,,,,,FALSE,,,
Reset link expired,Auth (Light) Thai,Done,Done,,,,,,FALSE,,,
Reset link sent,Auth (Light) Thai,Done,Done,,,,,,FALSE,,,
Terms of Service,Auth (Light) Thai,Done,Done,,,,,,FALSE,,,
Account settings,Profile & account (Light) Thai,Done,Done,,,,,,FALSE,,,
Account settings - updated,Profile & account (Light) Thai,Done,Done,,,,,,FALSE,,,
Advisee profile - Edit,Profile & account (Light) Thai,Done,Done,,,,,,FALSE,,,
Advisee profile - View,Profile & account (Light) Thai,Done,Done,,,,,,FALSE,,,
Change email,Profile & account (Light) Thai,Done,Done,,,,,,FALSE,,,
Change email - Already in use,Profile & account (Light) Thai,Done,Done,,,,,,FALSE,,,
Change password,Profile & account (Light) Thai,Done,Done,,,,,,FALSE,,,
Change password - Wrong current,Profile & account (Light) Thai,Done,Done,,,,,,FALSE,,,
Delete account,Profile & account (Light) Thai,Done,Done,,,,,,FALSE,,,
Delete account - Blocked,Profile & account (Light) Thai,Done,Done,,,,,,FALSE,,,
Edit profile - Photo rejected,Profile & account (Light) Thai,Done,Done,,,,,,FALSE,,,
Edit profile - Save failed,Profile & account (Light) Thai,Done,Done,,,,,,FALSE,,,
Log out confirm,Profile & account (Light) Thai,Done,Done,,,,,,FALSE,,,
Verify email,Profile & account (Light) Thai,Done,Done,,,,,,FALSE,,,
Service management (create / edit / unpublish),9 screens,9/9,0/9,P0,,2,,Taj,FALSE,,,
Session detail - advisor,Advisor - Service,Done,To do,,,,,,FALSE,,,
My services,Advisor - Service,Done,To do,,,,,,FALSE,,,
Create service,Advisor - Service,Done,To do,,,,,,FALSE,,,
Edit service,Advisor - Service,Done,To do,,,,,,FALSE,,,
Delete service confirm,Advisor - Service,Done,To do,,,,,,FALSE,,,
Service detail - advisor,Advisor - Service,Done,To do,,,,,,FALSE,,,
Create service - no profile yet,Advisor - Service,Done,To do,,,,,,FALSE,,,
Create service - service limit on,Advisor - Service,Done,To do,,,,,,FALSE,,,
Service availability,Advisor - Service,Done,To do,,,,,,FALSE,,,
Timeslot management (no-overlap),17 screens,17/17,1/17,P3,,4,Nam,Taj,FALSE,,,
Advisor calendar,Advisor - Home,Done,Done,,,,,,FALSE,,,
Availability - Global (default),Availability v2 (Light) Thai,Done,To do,,,,,,FALSE,,,
Availability - Profiles,Availability v2 (Light) Thai,Done,To do,,,,,,FALSE,,,
Availability - Profile / Weekly,Availability v2 (Light) Thai,Done,To do,,,,,,FALSE,,,
Availability - Profile / Specific dates,Availability v2 (Light) Thai,Done,To do,,,,,,FALSE,,,
Availability - Profile / Blocked dates,Availability v2 (Light) Thai,Done,To do,,,,,,FALSE,,,
Availability - Create profile / Weekly,Availability v2 (Light) Thai,Done,To do,,,,,,FALSE,,,
Availability - Create profile / Specific dates,Availability v2 (Light) Thai,Done,To do,,,,,,FALSE,,,
Availability - Create profile / Blocked dates,Availability v2 (Light) Thai,Done,To do,,,,,,FALSE,,,
Availability - Global (configured),Availability v2 (Light) Thai,Done,To do,,,,,,FALSE,,,
Availability - Profiles (empty),Availability v2 (Light) Thai,Done,To do,,,,,,FALSE,,,
Availability - Profile / Weekly (error),Availability v2 (Light) Thai,Done,To do,,,,,,FALSE,,,
Availability - Profile / Time picker,Availability v2 (Light) Thai,Done,To do,,,,,,FALSE,,,
Availability - Profile / Add specific date,Availability v2 (Light) Thai,Done,To do,,,,,,FALSE,,,
Availability - Delete profile confirm,Availability v2 (Light) Thai,Done,To do,,,,,,FALSE,,,
Availability - Global (custom),Availability v2 (Light) Thai,Done,To do,,,,,,FALSE,,,
Availability - Create profile (from list),Availability v2 (Light) Thai,Done,To do,,,,,,FALSE,,,
Booking (calendar + slot picker),14 screens,14/14,3/14,P0,,3,Nam,Taj,FALSE,,,
Booking - Select date & time,Booking,Done,Done,,,,,,FALSE,,,
Booking - Slot taken,Booking,Done,Done,,,,,,FALSE,,,
Booking - Select date & time (Calendar view),Booking,Done,Done,,,,,,FALSE,,,
Booking - Review before payment,Booking,Done,Done,,,,,,FALSE,,,
Booking detail,Booking,Done,Done,,,,,,FALSE,,,
My bookings,Booking,Done,To do,,,,,,FALSE,,,
Booking detail - Completed,Booking,Done,To do,,,,,,FALSE,,,
Booking detail - Cancelled,Booking,Done,To do,,,,,,FALSE,,,
Booking - Cancel & refund request,Booking,Done,To do,,,,,,FALSE,,,
Booking - Screening required,Booking,Done,To do,,,,,,FALSE,,,
Booking - No slots this day,Booking,Done,To do,,,,,,FALSE,,,
Booking - Beyond booking window,Booking,Done,To do,,,,,,FALSE,,,
Booking - Max slots reached,Booking,Done,To do,,,,,,FALSE,,,
Booking - Non-contiguous slots,Booking,Done,To do,,,,,,FALSE,,,
"File Storage (50MB, permissions)",0 screens,—,—,P3,No dedicated screens — file upload lives inside Chat and Advisor onboarding Stage 2/3.,2,,Taj,FALSE,,,